Workbook
Name 任務狀態: 清單表!$E$2:$E$5
Name 事件紀錄類型: 清單表!$A$2:$A$13

Sheet 首頁
B2: 目前週數 | C2: 2 | D2: 目前地點 | E2: 曙光森林 | F2: 地點圖片
B4: 本週事件 | C4: =VLOOKUP($C$5,事件表!$A$2:$G$14,3,FALSE) -> 森林的低語
B5: 事件代碼 | C5: EvB005
B6: 敘 述 | C6: =VLOOKUP($C$5,事件表!$A$2:$G$14,5,FALSE) -> 森林變得安靜，彷彿在等待你們的回應。
B7: 說 明 | C7: =VLOOKUP($C$5,事件表!$A$2:$G$14,7,FALSE) -> 本週 第一位完成怪物任務的玩家 → +1 MP。只觸發一次
B9: 玩家狀態
B15: 任務列表
B19: 互動區
B20: 此區只有抽牌功能，抽完需自行記錄抽牌結果。(每次excel變動會自動重新抽牌)
B21: 抽事件結果 | C21: =INDEX(事件表!$C$2:$C$101, RANDBETWEEN(1, COUNTA(事件表!$C$2:$C$101))) -> 精靈惡作劇
B22: 抽怪物結果 | C22: {=INDEX(怪物表!$C$2:$C$100, RANDBETWEEN(1, COUNTA(怪物表!$C$2:$C$100)))} -> 狼影幻獸
C23: {=INDEX(怪物表!$C$2:$C$100, RANDBETWEEN(1, COUNTA(怪物表!$C$2:$C$100)))} -> 岩殼小魔傀
C24: {=INDEX(怪物表!$C$2:$C$100, RANDBETWEEN(1, COUNTA(怪物表!$C$2:$C$100)))} -> 閃光精靈・微光
B26: 本週紀錄
B27: 日期 | C27: 週數 | D27: 玩家 | E27: 類型 | F27: 代碼 | G27: 名稱 | H27: 效果說明 | I27: 對象 | J27: HP變化 | K27: MP變化 | L27: EXP變化 | M27: 當前HP | N27: 當前MP | O27: 當前EXP

Sheet 角色狀態表
A1: 玩家 | B1: 職業 | C1: 等級 | D1: EXP | E1: HP | F1: MP | G1: 技能摘要 | H1: HP當前 | I1: MP當前 | J1: HP上限 | K1: MP上限
A2: Huei | B2: 🗡️盜賊 | C2: 1 | D2: 8 | E2: =H2&"/"&J2 -> 13/13 | F2: =I2&"/"&K2 -> 6/6 | G2: =CONCATENATE(L2," | ", M2, " | ", N2) -> 急救(1/1) | 合體技(1/1) | 延長時限(1/1) | H2: 13 | I2: 6 | J2: 13 | K2: 6 | L2: =IFERROR( INDEX(技能狀態!$H$2:$H$100, SMALL( IF(技能狀態!$A$2:$A$100=$A2, ROW(技能狀態!$A$2:$A$100)-ROW(技能狀態!$A$2)+1), 1 ) ), "") -> 急救(1/1) | M2: {=IFERROR( INDEX(技能狀態!$H$2:$H$100, SMALL( IF(技能狀態!$A$2:$A$100=$A2, ROW(技能狀態!$A$2:$A$100)-ROW(技能狀態!$A$2)+1), 2 ) ), "")} -> 合體技(1/1) | N2: {=IFERROR( INDEX(技能狀態!$H$2:$H$100, SMALL( IF(技能狀態!$A$2:$A$100=$A2, ROW(技能狀態!$A$2:$A$100)-ROW(技能狀態!$A$2)+1), 3 ) ), "")} -> 延長時限(1/1)
A3: Jolin | B3: 🏹弓箭手 | C3: 1 | D3: 11 | E3: =H3&"/"&J3 -> 12/12 | F3: =I3&"/"&K3 -> 6/7 | G3: =CONCATENATE(L3," | ", M3, " | ", N3) -> 急救(1/1) | 合體技(0/1) | 遠距支援(1/1) | H3: 12 | I3: 6 | J3: 12 | K3: 7 | L3: {=IFERROR( INDEX(技能狀態!$H$2:$H$100, SMALL( IF(技能狀態!$A$2:$A$100=$A3, ROW(技能狀態!$A$2:$A$100)-ROW(技能狀態!$A$2)+1), 1 ) ), "")} -> 急救(1/1) | M3: {=IFERROR( INDEX(技能狀態!$H$2:$H$100, SMALL( IF(技能狀態!$A$2:$A$100=$A3, ROW(技能狀態!$A$2:$A$100)-ROW(技能狀態!$A$2)+1), 2 ) ), "")} -> 合體技(0/1) | N3: {=IFERROR( INDEX(技能狀態!$H$2:$H$100, SMALL( IF(技能狀態!$A$2:$A$100=$A3, ROW(技能狀態!$A$2:$A$100)-ROW(技能狀態!$A$2)+1), 3 ) ), "")} -> 遠距支援(1/1)
A4: Jialin | B4: 🔮法師 | C4: 2 | D4: 15 | E4: =H4&"/"&J4 -> 10/11 | F4: =I4&"/"&K4 -> 8/10 | G4: =CONCATENATE(L4," | ", M4, " | ", N4) -> 急救(1/1) | 合體技(0/1) | 弱化怪物(1/1) | H4: 10 | I4: 8 | J4: 11 | K4: 10 | L4: {=IFERROR( INDEX(技能狀態!$H$2:$H$100, SMALL( IF(技能狀態!$A$2:$A$100=$A4, ROW(技能狀態!$A$2:$A$100)-ROW(技能狀態!$A$2)+1), 1 ) ), "")} -> 急救(1/1) | M4: {=IFERROR( INDEX(技能狀態!$H$2:$H$100, SMALL( IF(技能狀態!$A$2:$A$100=$A4, ROW(技能狀態!$A$2:$A$100)-ROW(技能狀態!$A$2)+1), 2 ) ), "")} -> 合體技(0/1) | N4: {=IFERROR( INDEX(技能狀態!$H$2:$H$100, SMALL( IF(技能狀態!$A$2:$A$100=$A4, ROW(技能狀態!$A$2:$A$100)-ROW(技能狀態!$A$2)+1), 3 ) ), "")} -> 弱化怪物(1/1)

Sheet 任務列表
A1: 怪物ID | B1: 玩家 | C1: 怪物名稱 | D1: 難度 | E1: 任務內容 | F1: 時限 | G1: 成功EXP | H1: 失敗-HP | I1: 開始日 | J1: 截止日 | K1: 狀態
A2: MnA004 | B2: Huei | C2: =IF(任務列表!$B2="","",VLOOKUP(任務列表!$A2,怪物表!$A$2:$K$13,3,)) -> 搗蛋松果獸 | D2: =IF(任務列表!$B2="","",VLOOKUP(任務列表!$A2,怪物表!$A$2:$K$13,5,)) -> 易 | E2: =IF(任務列表!$B2="","",VLOOKUP(任務列表!$A2,怪物表!$A$2:$K$13,7,)) -> 核心訓練 6 分鐘 | F2: =IF(任務列表!$B2="","",VLOOKUP(任務列表!$A2,怪物表!$A$2:$K$13,8,)) -> 2 | G2: =IF(任務列表!$B2="","",VLOOKUP(任務列表!$A2,怪物表!$A$2:$K$13,9,)) -> 3 | H2: =IF(任務列表!$B2="","",VLOOKUP(任務列表!$A2,怪物表!$A$2:$K$13,10,)) -> -1 | I2: 46027 | J2: =IF(任務列表!$B2="","",任務列表!$I2+任務列表!$F2) -> 46029 | K2: ✅擊殺
A3: MnB001 | B3: Jialin | C3: =IF(任務列表!$B3="","",VLOOKUP(任務列表!$A3,怪物表!$A$2:$K$13,3,)) -> 樹妖巡守者 | D3: =IF(任務列表!$B3="","",VLOOKUP(任務列表!$A3,怪物表!$A$2:$K$13,5,)) -> 中 | E3: =IF(任務列表!$B3="","",VLOOKUP(任務列表!$A3,怪物表!$A$2:$K$13,7,)) -> 核心訓練 12 分鐘 / 健走 25 分鐘 | F3: =IF(任務列表!$B3="","",VLOOKUP(任務列表!$A3,怪物表!$A$2:$K$13,8,)) -> 3 | G3: =IF(任務列表!$B3="","",VLOOKUP(任務列表!$A3,怪物表!$A$2:$K$13,9,)) -> 5 | H3: =IF(任務列表!$B3="","",VLOOKUP(任務列表!$A3,怪物表!$A$2:$K$13,10,)) -> -2 | I3: 46027 | J3: =IF(任務列表!$B3="","",任務列表!$I3+任務列表!$F3) -> 46030 | K3: ✅擊殺
A4: MnA002 | B4: Jolin | C4: =IF(任務列表!$B4="","",VLOOKUP(任務列表!$A4,怪物表!$A$2:$K$13,3,)) -> 路邊蘑菇怪 | D4: =IF(任務列表!$B4="","",VLOOKUP(任務列表!$A4,怪物表!$A$2:$K$13,5,)) -> 易 | E4: =IF(任務列表!$B4="","",VLOOKUP(任務列表!$A4,怪物表!$A$2:$K$13,7,)) -> 快走 15 分鐘 | F4: =IF(任務列表!$B4="","",VLOOKUP(任務列表!$A4,怪物表!$A$2:$K$13,8,)) -> 2 | G4: =IF(任務列表!$B4="","",VLOOKUP(任務列表!$A4,怪物表!$A$2:$K$13,9,)) -> 3 | H4: =IF(任務列表!$B4="","",VLOOKUP(任務列表!$A4,怪物表!$A$2:$K$13,10,)) -> -1 | I4: 46027 | J4: =IF(任務列表!$B4="","",任務列表!$I4+任務列表!$F4) -> 46029 | K4: ✅擊殺
C5: =IF(任務列表!$B5="","",VLOOKUP(任務列表!$A5,怪物表!$A$2:$K$13,3,)) | D5: =IF(任務列表!$B5="","",VLOOKUP(任務列表!$A5,怪物表!$A$2:$K$13,5,)) | E5: =IF(任務列表!$B5="","",VLOOKUP(任務列表!$A5,怪物表!$A$2:$K$13,7,)) | F5: =IF(任務列表!$B5="","",VLOOKUP(任務列表!$A5,怪物表!$A$2:$K$13,8,)) | G5: =IF(任務列表!$B5="","",VLOOKUP(任務列表!$A5,怪物表!$A$2:$K$13,9,)) | H5: =IF(任務列表!$B5="","",VLOOKUP(任務列表!$A5,怪物表!$A$2:$K$13,10,)) | J5: =IF(任務列表!$B5="","",任務列表!$I5+任務列表!$F5)
C6: =IF(任務列表!$B6="","",VLOOKUP(任務列表!$A6,怪物表!$A$2:$K$13,3,)) | D6: =IF(任務列表!$B6="","",VLOOKUP(任務列表!$A6,怪物表!$A$2:$K$13,5,)) | E6: =IF(任務列表!$B6="","",VLOOKUP(任務列表!$A6,怪物表!$A$2:$K$13,7,)) | F6: =IF(任務列表!$B6="","",VLOOKUP(任務列表!$A6,怪物表!$A$2:$K$13,8,)) | G6: =IF(任務列表!$B6="","",VLOOKUP(任務列表!$A6,怪物表!$A$2:$K$13,9,)) | H6: =IF(任務列表!$B6="","",VLOOKUP(任務列表!$A6,怪物表!$A$2:$K$13,10,)) | J6: =IF(任務列表!$B6="","",任務列表!$I6+任務列表!$F6)
C7: =IF(任務列表!$B7="","",VLOOKUP(任務列表!$A7,怪物表!$A$2:$K$13,3,)) | D7: =IF(任務列表!$B7="","",VLOOKUP(任務列表!$A7,怪物表!$A$2:$K$13,5,)) | E7: =IF(任務列表!$B7="","",VLOOKUP(任務列表!$A7,怪物表!$A$2:$K$13,7,)) | F7: =IF(任務列表!$B7="","",VLOOKUP(任務列表!$A7,怪物表!$A$2:$K$13,8,)) | G7: =IF(任務列表!$B7="","",VLOOKUP(任務列表!$A7,怪物表!$A$2:$K$13,9,)) | H7: =IF(任務列表!$B7="","",VLOOKUP(任務列表!$A7,怪物表!$A$2:$K$13,10,)) | J7: =IF(任務列表!$B7="","",任務列表!$I7+任務列表!$F7)
C8: =IF(任務列表!$B8="","",VLOOKUP(任務列表!$A8,怪物表!$A$2:$K$13,3,)) | D8: =IF(任務列表!$B8="","",VLOOKUP(任務列表!$A8,怪物表!$A$2:$K$13,5,)) | E8: =IF(任務列表!$B8="","",VLOOKUP(任務列表!$A8,怪物表!$A$2:$K$13,7,)) | F8: =IF(任務列表!$B8="","",VLOOKUP(任務列表!$A8,怪物表!$A$2:$K$13,8,)) | G8: =IF(任務列表!$B8="","",VLOOKUP(任務列表!$A8,怪物表!$A$2:$K$13,9,)) | H8: =IF(任務列表!$B8="","",VLOOKUP(任務列表!$A8,怪物表!$A$2:$K$13,10,)) | J8: =IF(任務列表!$B8="","",任務列表!$I8+任務列表!$F8)
C9: =IF(任務列表!$B9="","",VLOOKUP(任務列表!$A9,怪物表!$A$2:$K$13,3,)) | D9: =IF(任務列表!$B9="","",VLOOKUP(任務列表!$A9,怪物表!$A$2:$K$13,5,)) | E9: =IF(任務列表!$B9="","",VLOOKUP(任務列表!$A9,怪物表!$A$2:$K$13,7,)) | F9: =IF(任務列表!$B9="","",VLOOKUP(任務列表!$A9,怪物表!$A$2:$K$13,8,)) | G9: =IF(任務列表!$B9="","",VLOOKUP(任務列表!$A9,怪物表!$A$2:$K$13,9,)) | H9: =IF(任務列表!$B9="","",VLOOKUP(任務列表!$A9,怪物表!$A$2:$K$13,10,)) | J9: =IF(任務列表!$B9="","",任務列表!$I9+任務列表!$F9)

Sheet 技能狀態
A1: 玩家 | B1: 職業 | C1: 技能ID | D1: 技能名稱 | E1: 主被動 | F1: MP消耗 | G1: 啟用狀態 | H1: 顯示字串 | I1: 每週可用總次數 | J1: 剩餘次數 | K1: 次數重置規則 | L1: 技能效果說明
A2: Huei | B2: =IF(技能狀態!$A2="","",VLOOKUP(技能狀態!$A2,角色狀態表!$A$2:$B$4,2,FALSE)) -> 🗡️盜賊 | C2: GeA001 | D2: =IF(技能狀態!$A2="","",VLOOKUP(技能狀態!$C2,職業技能表!$A$2:$I$18,3,)) -> 急救 | E2: =IF(技能狀態!$A2="","",VLOOKUP(技能狀態!$C2,職業技能表!$A$2:$I$18,4,)) -> 主動 | F2: =IF(技能狀態!$A2="","",VLOOKUP(技能狀態!$C2,職業技能表!$A$2:$I$18,5,FALSE)) -> -1 | G2: Y | H2: =IF(技能狀態!$A2="","", 技能狀態!$D2 & "(" & 技能狀態!$J2 & "/" & 技能狀態!$I2 & ")") -> 急救(1/1) | I2: =IF(技能狀態!$A2="","",VLOOKUP(技能狀態!$C2,職業技能表!$A$2:$I$18,7,FALSE)) -> 1 | J2: 1 | K2: =IF(技能狀態!$A2="","",VLOOKUP(技能狀態!$C2,職業技能表!$A$2:$I$18,8,FALSE)) -> 每週重置 | L2: =IF(技能狀態!$A2="","",VLOOKUP(技能狀態!$C2,職業技能表!$A$2:$I$18,9,FALSE)) -> +1 HP 給對方
A3: Huei | B3: =IF(技能狀態!$A3="","",VLOOKUP(技能狀態!$A3,角色狀態表!$A$2:$B$4,2,FALSE)) -> 🗡️盜賊 | C3: GeA002 | D3: =IF(技能狀態!$A3="","",VLOOKUP(技能狀態!$C3,職業技能表!$A$2:$I$18,3,)) -> 合體技 | E3: =IF(技能狀態!$A3="","",VLOOKUP(技能狀態!$C3,職業技能表!$A$2:$I$18,4,)) -> 主動 | F3: =IF(技能狀態!$A3="","",VLOOKUP(技能狀態!$C3,職業技能表!$A$2:$I$18,5,FALSE)) -> -1 | G3: Y | H3: =IF(技能狀態!$A3="","", 技能狀態!$D3 & "(" & 技能狀態!$J3 & "/" & 技能狀態!$I3 & ")") -> 合體技(1/1) | I3: =IF(技能狀態!$A3="","",VLOOKUP(技能狀態!$C3,職業技能表!$A$2:$I$18,7,FALSE)) -> 1 | J3: 1 | K3: =IF(技能狀態!$A3="","",VLOOKUP(技能狀態!$C3,職業技能表!$A$2:$I$18,8,FALSE)) -> 每週重置 | L3: =IF(技能狀態!$A3="","",VLOOKUP(技能狀態!$C3,職業技能表!$A$2:$I$18,9,FALSE)) -> 雙方消耗各 1 MP，你們可同時運動 10–15 分鐘 → 統一視為「合體擊破」，成功後：任務 EXP ×2
A4: Huei | B4: =IF(技能狀態!$A4="","",VLOOKUP(技能狀態!$A4,角色狀態表!$A$2:$B$4,2,FALSE)) -> 🗡️盜賊 | C4: ThA001 | D4: =IF(技能狀態!$A4="","",VLOOKUP(技能狀態!$C4,職業技能表!$A$2:$I$18,3,)) -> 延長時限 | E4: =IF(技能狀態!$A8="","",VLOOKUP(技能狀態!$C8,職業技能表!$A$2:$I$18,4,)) -> 主動 | F4: =IF(技能狀態!$A4="","",VLOOKUP(技能狀態!$C4,職業技能表!$A$2:$I$18,5,FALSE)) -> -1 | G4: Y | H4: =IF(技能狀態!$A4="","", 技能狀態!$D4 & "(" & 技能狀態!$J4 & "/" & 技能狀態!$I4 & ")") -> 延長時限(1/1) | I4: =IF(技能狀態!$A8="","",VLOOKUP(技能狀態!$C8,職業技能表!$A$2:$I$18,7,FALSE)) -> 1 | J4: 1 | K4: =IF(技能狀態!$A8="","",VLOOKUP(技能狀態!$C8,職業技能表!$A$2:$I$18,8,FALSE)) -> 每週重置 | L4: =IF(技能狀態!$A4="","",VLOOKUP(技能狀態!$C4,職業技能表!$A$2:$I$18,9,FALSE)) -> +1 天挑戰時間
A5: Jialin | B5: =IF(技能狀態!$A5="","",VLOOKUP(技能狀態!$A5,角色狀態表!$A$2:$B$4,2,FALSE)) -> 🔮法師 | C5: GeA001 | D5: =IF(技能狀態!$A5="","",VLOOKUP(技能狀態!$C5,職業技能表!$A$2:$I$18,3,)) -> 急救 | E5: =IF(技能狀態!$A6="","",VLOOKUP(技能狀態!$C6,職業技能表!$A$2:$I$18,4,)) -> 主動 | F5: =IF(技能狀態!$A5="","",VLOOKUP(技能狀態!$C5,職業技能表!$A$2:$I$18,5,FALSE)) -> -1 | G5: Y | H5: =IF(技能狀態!$A5="","", 技能狀態!$D5 & "(" & 技能狀態!$J5 & "/" & 技能狀態!$I5 & ")") -> 急救(1/1) | I5: =IF(技能狀態!$A6="","",VLOOKUP(技能狀態!$C6,職業技能表!$A$2:$I$18,7,FALSE)) -> 1 | J5: 1 | K5: =IF(技能狀態!$A6="","",VLOOKUP(技能狀態!$C6,職業技能表!$A$2:$I$18,8,FALSE)) -> 每週重置 | L5: =IF(技能狀態!$A5="","",VLOOKUP(技能狀態!$C5,職業技能表!$A$2:$I$18,9,FALSE)) -> +1 HP 給對方
A6: Jialin | B6: =IF(技能狀態!$A6="","",VLOOKUP(技能狀態!$A6,角色狀態表!$A$2:$B$4,2,FALSE)) -> 🔮法師 | C6: GeA002 | D6: =IF(技能狀態!$A6="","",VLOOKUP(技能狀態!$C6,職業技能表!$A$2:$I$18,3,)) -> 合體技 | E6: =IF(技能狀態!$A7="","",VLOOKUP(技能狀態!$C7,職業技能表!$A$2:$I$18,4,)) -> 主動 | F6: =IF(技能狀態!$A6="","",VLOOKUP(技能狀態!$C6,職業技能表!$A$2:$I$18,5,FALSE)) -> -1 | G6: Y | H6: =IF(技能狀態!$A6="","", 技能狀態!$D6 & "(" & 技能狀態!$J6 & "/" & 技能狀態!$I6 & ")") -> 合體技(0/1) | I6: =IF(技能狀態!$A7="","",VLOOKUP(技能狀態!$C7,職業技能表!$A$2:$I$18,7,FALSE)) -> 1 | J6: 0 | K6: =IF(技能狀態!$A7="","",VLOOKUP(技能狀態!$C7,職業技能表!$A$2:$I$18,8,FALSE)) -> 每週重置 | L6: =IF(技能狀態!$A6="","",VLOOKUP(技能狀態!$C6,職業技能表!$A$2:$I$18,9,FALSE)) -> 雙方消耗各 1 MP，你們可同時運動 10–15 分鐘 → 統一視為「合體擊破」，成功後：任務 EXP ×2
A7: Jialin | B7: =IF(技能狀態!$A7="","",VLOOKUP(技能狀態!$A7,角色狀態表!$A$2:$B$4,2,FALSE)) -> 🔮法師 | C7: MaA001 | D7: =IF(技能狀態!$A7="","",VLOOKUP(技能狀態!$C7,職業技能表!$A$2:$I$18,3,)) -> 弱化怪物 | E7: =IF(技能狀態!$A10="","",VLOOKUP(技能狀態!$C10,職業技能表!$A$2:$I$18,4,)) -> 主動 | F7: =IF(技能狀態!$A7="","",VLOOKUP(技能狀態!$C7,職業技能表!$A$2:$I$18,5,FALSE)) -> -2 | G7: Y | H7: =IF(技能狀態!$A7="","", 技能狀態!$D7 & "(" & 技能狀態!$J7 & "/" & 技能狀態!$I7 & ")") -> 弱化怪物(1/1) | I7: =IF(技能狀態!$A10="","",VLOOKUP(技能狀態!$C10,職業技能表!$A$2:$I$18,7,FALSE)) -> 1 | J7: 1 | K7: =IF(技能狀態!$A10="","",VLOOKUP(技能狀態!$C10,職業技能表!$A$2:$I$18,8,FALSE)) -> 每週重置 | L7: =IF(技能狀態!$A7="","",VLOOKUP(技能狀態!$C7,職業技能表!$A$2:$I$18,9,FALSE)) -> 將對方怪物難度降一級（難→中、中→易）
A8: Jolin | B8: =IF(技能狀態!$A8="","",VLOOKUP(技能狀態!$A8,角色狀態表!$A$2:$B$4,2,FALSE)) -> 🏹弓箭手 | C8: GeA001 | D8: =IF(技能狀態!$A8="","",VLOOKUP(技能狀態!$C8,職業技能表!$A$2:$I$18,3,)) -> 急救 | E8: =IF(技能狀態!$A4="","",VLOOKUP(技能狀態!$C4,職業技能表!$A$2:$I$18,4,)) -> 主動 | F8: =IF(技能狀態!$A8="","",VLOOKUP(技能狀態!$C8,職業技能表!$A$2:$I$18,5,FALSE)) -> -1 | G8: Y | H8: =IF(技能狀態!$A8="","", 技能狀態!$D8 & "(" & 技能狀態!$J8 & "/" & 技能狀態!$I8 & ")") -> 急救(1/1) | I8: =IF(技能狀態!$A4="","",VLOOKUP(技能狀態!$C4,職業技能表!$A$2:$I$18,7,FALSE)) -> 1 | J8: 1 | K8: =IF(技能狀態!$A4="","",VLOOKUP(技能狀態!$C4,職業技能表!$A$2:$I$18,8,FALSE)) -> 每週重置 | L8: =IF(技能狀態!$A8="","",VLOOKUP(技能狀態!$C8,職業技能表!$A$2:$I$18,9,FALSE)) -> +1 HP 給對方
A9: Jolin | B9: =IF(技能狀態!$A9="","",VLOOKUP(技能狀態!$A9,角色狀態表!$A$2:$B$4,2,FALSE)) -> 🏹弓箭手 | C9: GeA002 | D9: =IF(技能狀態!$A9="","",VLOOKUP(技能狀態!$C9,職業技能表!$A$2:$I$18,3,)) -> 合體技 | E9: =IF(技能狀態!$A5="","",VLOOKUP(技能狀態!$C5,職業技能表!$A$2:$I$18,4,)) -> 主動 | F9: =IF(技能狀態!$A9="","",VLOOKUP(技能狀態!$C9,職業技能表!$A$2:$I$18,5,FALSE)) -> -1 | G9: Y | H9: =IF(技能狀態!$A9="","", 技能狀態!$D9 & "(" & 技能狀態!$J9 & "/" & 技能狀態!$I9 & ")") -> 合體技(0/1) | I9: =IF(技能狀態!$A5="","",VLOOKUP(技能狀態!$C5,職業技能表!$A$2:$I$18,7,FALSE)) -> 1 | J9: 0 | K9: =IF(技能狀態!$A5="","",VLOOKUP(技能狀態!$C5,職業技能表!$A$2:$I$18,8,FALSE)) -> 每週重置 | L9: =IF(技能狀態!$A9="","",VLOOKUP(技能狀態!$C9,職業技能表!$A$2:$I$18,9,FALSE)) -> 雙方消耗各 1 MP，你們可同時運動 10–15 分鐘 → 統一視為「合體擊破」，成功後：任務 EXP ×2
A10: Jolin | B10: =IF(技能狀態!$A10="","",VLOOKUP(技能狀態!$A10,角色狀態表!$A$2:$B$4,2,FALSE)) -> 🏹弓箭手 | C10: ArA001 | D10: =IF(技能狀態!$A10="","",VLOOKUP(技能狀態!$C10,職業技能表!$A$2:$I$18,3,)) -> 遠距支援 | E10: =IF(技能狀態!$A9="","",VLOOKUP(技能狀態!$C9,職業技能表!$A$2:$I$18,4,)) -> 主動 | F10: =IF(技能狀態!$A10="","",VLOOKUP(技能狀態!$C10,職業技能表!$A$2:$I$18,5,FALSE)) -> -1 | G10: Y | H10: =IF(技能狀態!$A10="","", 技能狀態!$D10 & "(" & 技能狀態!$J10 & "/" & 技能狀態!$I10 & ")") -> 遠距支援(1/1) | I10: =IF(技能狀態!$A9="","",VLOOKUP(技能狀態!$C9,職業技能表!$A$2:$I$18,7,FALSE)) -> 1 | J10: 1 | K10: =IF(技能狀態!$A9="","",VLOOKUP(技能狀態!$C9,職業技能表!$A$2:$I$18,8,FALSE)) -> 每週重置 | L10: =IF(技能狀態!$A10="","",VLOOKUP(技能狀態!$C10,職業技能表!$A$2:$I$18,9,FALSE)) -> 指定一名隊友，其下一次怪物失敗時不扣 HP
A11: Jialin | B11: =IF(技能狀態!$A11="","",VLOOKUP(技能狀態!$A11,角色狀態表!$A$2:$B$4,2,FALSE)) -> 🔮法師 | C11: MaP001 | D11: =IF(技能狀態!$A11="","",VLOOKUP(技能狀態!$C11,職業技能表!$A$2:$I$28,3,)) -> 恢復光環 | E11: =IF(技能狀態!$A10="","",VLOOKUP(技能狀態!$C10,職業技能表!$A$2:$I$28,4,)) -> 主動 | F11: =IF(技能狀態!$A11="","",VLOOKUP(技能狀態!$C11,職業技能表!$A$2:$I$18,5,FALSE)) -> 0 | G11: Y | H11: =IF(技能狀態!$A11="","", 技能狀態!$D11 & "(" & 技能狀態!$J11 & "/" & 技能狀態!$I11 & ")") -> 恢復光環(2/2) | I11: 2 | J11: 2 | K11: =IF(技能狀態!$A10="","",VLOOKUP(技能狀態!$C10,職業技能表!$A$2:$I$28,8,FALSE)) -> 每週重置 | L11: =IF(技能狀態!$A11="","",VLOOKUP(技能狀態!$C11,職業技能表!$A$2:$I$18,9,FALSE)) -> 每完成 2 次運動，自動回 1 MP（每週上限 2）

Sheet 事件表
A1: 事件編號 | B1: 事件類型 | C1: 事件名稱 | D1: 效果代碼 | E1: 事件敘述 | F1: 事件影響(數值) | G1: 說明
A2: EvB001 | B2: 增益 | C2: 晨光祝福 | D2: ALL_MP+1 | E2: 森林光芒灑落，讓小隊精神提升。 | F2: 1 | G2: 全隊 +1 MP
A3: EvB002 | B3: 增益 | C3: 精靈的足跡 | D3: IF_OUTDOOR_PHOTO_THEN_EXP+2 | E3: 精靈曾經在此停留，帶來靈氣。 | F3: 2 | G3: 本週拍一張自然照（綠地、公園），全員 +2 EXP
A4: EvB003 | B4: 增益 | C4: 天氣晴朗 | D4: IF_OUTDOOR_EXERCISE_THEN_EXP+2 | E4: 天氣那麼好，值得出去探險。 | F4: 2 | G4: 若本週有一次戶外運動，額外 +2 EXP
A5: EvB004 | B5: 增益 | C5: 治癒之泉 | D5: ALL_HP+2 | E5: 在森林深處找到發光泉水，體力恢復。 | F5: 2 | G5: 全員 +2 HP
A6: EvB005 | B6: 增益 | C6: 森林的低語 | E6: 森林變得安靜，彷彿在等待你們的回應。 | F6: 1 | G6: 本週 第一位完成怪物任務的玩家 → +1 MP。只觸發一次
A7: EvD001 | B7: 挑戰 | C7: 黑霧蔓延 | D7: ALL_MONSTER_LV+1;BONUS_EXP+3 | E7: 黑霧變濃，但挑戰也帶來更多成長。 | F7: 1 | G7: 本週怪物難度 +1 階；擊敗怪物額外 +3 EXP
A8: EvD002 | B8: 挑戰 | C8: 精靈惡作劇 | D8: MONSTER_TIME-1_DAY | E8: 淘氣的精靈偷走時間。 | F8: -1 | G8: 怪物時限縮短 1 天
A9: EvD003 | B9: 挑戰 | C9: 月蝕之夜 | D9: REST_MP_RECOVERY_DISABLED | E9: 月光被遮蔽，魔力恢復受阻。 | F9: 0 | G9: 本週休息打卡無法回 MP
A10: EvD004 | B10: 挑戰 | C10: 森林寒潮 | D10: FIRST_EXERCISE_EXP=1 | E10: 寒冷削弱了身體啟動的能量。 | F10: 1 | G10: 全員本週第一次完成運動只獲得 1 EXP
A11: EvN001 | B11: 中立 | C11: 迷霧裂隙 | D11: CHOICE_MONSTER_LV-1_OR_LV+1_BONUS_EXP+5 | E11: 裂隙帶來危險與機會。 | F11: 0 | G11: 抽完怪物卡後，可選 A：怪物難度 -1；B：怪物難度 +1 但成功 EXP +5
A12: EvN002 | B12: 中立 | C12: 古樹試煉 | D12: EXTRA_WORKOUT_MVP_EXP+5 | E12: 古樹向你發出挑戰。 | F12: 5 | G12: 當週任一成員若完成額外一次運動，該人成為 MVP，額外 +5 EXP
A13: EvN003 | B13: 中立 | C13: 命運之輪 | D13: REDRAW_ALL_MONSTERS | E13: 運氣之風正在轉動。 | F13: 0 | G13: 所有人重新抽一次怪物
A14: EvN004 | B14: 中立 | C14: 森林守護者的凝視 | D14: IF_TEAM_COMBO_THEN_ALL_EXP+3 | E14: 守護者默默觀察著你們的合作精神。 | F14: 3 | G14: 本週如果小隊至少使用一次合體技 → 全員 +3 EXP

Sheet 怪物表
A1: 怪物編號 | B1: 怪物分類 | C1: 怪物名稱 | D1: 敘述 | E1: 怪物等級 | F1: 怪物圖片連結 | G1: 任務內容 | H1: 時限(天) | I1: 成功EXP | J1: 失敗HP | K1: 備註
A2: MnA001 | B2: 初階區 | C2: 森林小史萊姆 | D2: 住在曙光森林入口的黏黏小怪物。 | E2: 易 | G2: 伸展 10 分鐘 / 深蹲 20 下 | H2: 2 | I2: 3 | J2: -1
A3: MnA002 | B3: 初階區 | C3: 路邊蘑菇怪 | D3: 會在腳邊跳來跳去的活蘑菇。 | E3: 易 | G3: 快走 15 分鐘 | H3: 2 | I3: 3 | J3: -1
A4: MnA003 | B4: 初階區 | C4: 閃光精靈・微光 | D4: 閃爍的小精靈，用光試探冒險者的耐心。 | E4: 易 | G4: 瑜伽或伸展 12 分鐘 | H4: 2 | I4: 3 | J4: -1
A5: MnA004 | B5: 初階區 | C5: 搗蛋松果獸 | D5: 會對你丟樹葉的小麻煩。 | E5: 易 | G5: 核心訓練 6 分鐘 | H5: 2 | I5: 3 | J5: -1
A6: MnB001 | B6: 冒險區 | C6: 樹妖巡守者 | D6: 守護森林邊界，觀察你是否值得通過。 | E6: 中 | G6: 核心訓練 12 分鐘 / 健走 25 分鐘 | H6: 3 | I6: 5 | J6: -2
A7: MnB002 | B7: 冒險區 | C7: 狼影幻獸 | D7: 會出現在影子中，測試冒險者的敏捷。 | E7: 中 | G7: 跑步或快走 20 分鐘 | H7: 3 | I7: 5 | J7: -2
A8: MnB003 | B8: 冒險區 | C8: 迷霧鴉 | D8: 牠的叫聲會讓人迷路。 | E8: 中 | G8: HIIT 5 分鐘 | H8: 3 | I8: 5 | J8: -2
A9: MnB004 | B9: 冒險區 | C9: 森林之眼・浮空魔瞳 | D9: 一顆盯著你的浮空眼睛，考驗你的意志力。 | E9: 中 | G9: 有氧舞蹈 15 分鐘 | H9: 3 | I9: 5 | J9: -2
A10: MnC001 | B10: Boss前級 | C10: 森林魔角鹿 | D10: 平時溫馴，但一旦受黑霧驚動就會狂奔。 | E10: 難 | G10: 跑步 2 公里 | H10: 5 | I10: 7 | J10: -3
A11: MnC002 | B11: Boss前級 | C11: 岩殼小魔傀 | D11: 全身覆蓋岩層，堅硬但行動慢。 | E11: 難 | G11: 肌力訓練 25 分鐘 | H11: 5 | I11: 7 | J11: -3
A12: MnC003 | B12: Boss前級 | C12: 三尾狐魂・月影 | D12: 速度快、姿態優雅，會與冒險者比耐力。 | E12: 難 | G12: 舞蹈燃脂 20 分鐘 | H12: 5 | I12: 7 | J12: -3
A13: MnC004 | B13: Boss前級 | C13: 黑霧怨靈 | D13: 森林中黑霧濃度最高的地區才會遇到。 | E13: 難 | G13: HIIT 8 分鐘 或 核心 15 分鐘 | H13: 5 | I13: 8 | J13: -3

Sheet 紀錄頁面
A1: 日期 | B1: 週數 | C1: 玩家 | D1: 類型 | E1: 代碼 | F1: 名稱 | G1: 效果說明 | H1: 對象 | I1: HP變化 | J1: MP變化 | K1: EXP變化 | L1: 當前HP | M1: 當前MP | N1: 當前EXP
A2: 46024 | B2: 1 | C2: 環境 | D2: 旁白 | F2: 開場旁白 | G2: 當你們踏入曙光森林時，晨光穿過樹葉。 這裡不是危險之地，但森林會用一些小試煉，確認你們是否真的準備好踏上旅程。 | I2: 0 | J2: 0 | K2: 0 | L2: 0 | M2: 0 | N2: 0
A3: 46024 | B3: 1 | C3: 環境 | D3: 抽事件 | E3: B002 | F3: 精靈的足跡 | G3: 本週拍一張自然照（綠地、公園），全員 +2 EXP | I3: 0 | J3: 0 | K3: 0 | L3: 0 | M3: 0 | N3: 0
A4: 46024 | B4: 1 | C4: Huei | D4: 抽怪物 | E4: A001 | F4: 森林小史萊姆 | G4: 伸展 10 分鐘 / 深蹲 20 下 | I4: 0 | J4: 0 | K4: 0 | L4: 0 | M4: 0 | N4: 0
A5: 46024 | B5: 1 | C5: Jialin | D5: 抽怪物 | E5: A002 | F5: 路邊蘑菇怪 | G5: 快走 15 分鐘 | I5: 0 | J5: 0 | K5: 0 | L5: 0 | M5: 0 | N5: 0
A6: 46024 | B6: 1 | C6: Jolin | D6: 抽怪物 | E6: A003 | F6: 閃光精靈・微光 | G6: 瑜伽或伸展 12 分鐘 | I6: 0 | J6: 0 | K6: 0 | L6: 0 | M6: 0 | N6: 0
A7: 46026 | B7: 1 | C7: Huei | D7: 擊敗怪物 | E7: A001 | F7: 森林小史萊姆 | G7: 伸展 10 分鐘 / 深蹲 20 下 | H7: Self | I7: 0 | J7: 0 | K7: 3 | L7: 13 | M7: 6 | N7: 3
A8: 46026 | B8: 1 | C8: Huei | D8: 使用技能 | E8: ThA001 | F8: 延長時限 | G8: +1 天挑戰時間 | H8: Jialin | I8: 0 | J8: -1 | K8: 0 | L8: 13 | M8: 5 | N8: 0
A9: 46026 | B9: 1 | C9: Jialin | D9: 擊敗怪物 | E9: A002 | F9: 路邊蘑菇怪 | G9: 快走 15 分鐘 | H9: Self | I9: 0 | J9: 0 | K9: 3 | L9: 10 | M9: 9 | N9: 3
A10: 46026 | B10: 1 | C10: Jialin | D10: 完成事件任務 | E10: B002 | F10: 精靈的足跡 | G10: 本週拍一張自然照（綠地、公園），全員 +2 EXP | H10: All | I10: 0 | J10: 0 | K10: 2 | L10: 0 | M10: 0 | N10: 0
A11: 46026 | B11: 1 | C11: Jolin | D11: 擊敗怪物 | E11: A003 | F11: 閃光精靈・微光 | G11: 瑜伽或伸展 12 分鐘 | H11: Self | I11: 0 | J11: 0 | K11: 3 | L11: 12 | M11: 7 | N11: 3
A12: 46027 | B12: 2 | C12: 環境 | D12: 旁白 | F12: 開場旁白 | G12: 精靈的足跡在林間逐漸淡去。 森林似乎在觀察你們—— 是否能在更不確定的情況下，維持行動的節奏。
A13: 46027 | B13: 2 | C13: 環境 | D13: 抽事件 | E13: B004 | F13: 森林的低語 | G13: 本週 第一位完成怪物任務的玩家 → +1 MP
A14: 46027 | B14: 2 | C14: Huei | D14: 抽怪物 | E14: MnA004 | F14: 搗蛋松果獸 | G14: 核心訓練 6 分鐘 | I14: 0 | J14: 0 | K14: 0 | L14: 13 | M14: 5 | N14: 5
A15: 46027 | B15: 2 | C15: Jialin | D15: 抽怪物 | E15: MnB001 | F15: 樹妖巡守者 | G15: 核心訓練 12 分鐘或健走 25 分鐘
A16: 46027 | B16: 2 | C16: Jolin | D16: 抽怪物 | E16: MnA002 | F16: 路邊蘑菇怪 | G16: 快走 15 分鐘
A17: 46027 | B17: 2 | C17: Huei | D17: 擊敗怪物 | E17: MnA004 | F17: 搗蛋松果獸 | G17: 核心訓練 6 分鐘 | I17: 0 | J17: 0 | K17: 3 | N17: 8
A18: 46027 | B18: 2 | C18: Huei | D18: 完成事件任務 | E18: B004 | F18: 森林的低語 | G18: 本週 第一位完成怪物任務的玩家 → +1 MP | I18: 0 | J18: 1 | K18: 0 | L18: 6
A19: 46029 | B19: 2 | C19: Jialin | D19: 使用技能 | E19: GeA002 | F19: 合體技 | G19: 雙方消耗各 1 MP，你們可同時運動 10–15 分鐘 → 統一視為「合體擊破」，成功後：任務 EXP ×2
A20: 46029 | B20: 2 | C20: Jolin | D20: 使用技能 | E20: GeA002 | F20: 合體技 | G20: 雙方消耗各 1 MP，你們可同時運動 10–15 分鐘 → 統一視為「合體擊破」，成功後：任務 EXP ×2
A21: 46029 | B21: 2 | C21: Jialin | D21: 擊敗怪物 | E21: MnB001 | F21: 樹妖巡守者 | G21: 核心訓練 12 分鐘或健走 25 分鐘 | I21: 0 | J21: 0 | K21: 10 | N21: 15
A22: 46029 | B22: 2 | C22: Jolin | D22: 擊敗怪物 | E22: MnA002 | F22: 路邊蘑菇怪 | G22: 快走 15 分鐘 | I22: 0 | J22: 0 | K22: 6 | N22: 11
A23: 46029 | B23: 2 | C23: Jialin | D23: 升級 | F23: 升級至2 | G23: MP/HP+1，抽被動技能卡：恢復光環

Sheet 等級資料表
A1: 等級 | B1: HP上限增加值(累計 | C1: MP上限增加值(累計) | D1: 升級所需經驗值(累積)
A2: 1 | B2: 0 | C2: 0 | D2: 0
A3: 2 | B3: 1 | C3: 1 | D3: =10*A2*1.5 -> 15
A4: 3 | B4: 2 | C4: 2 | D4: =10*A3*1.5 -> 30
A5: 4 | B5: 3 | C5: 3 | D5: =10*A4*1.5 -> 45
A6: 5 | B6: 4 | C6: 4 | D6: =10*A5*1.5 -> 60
A7: 6 | B7: 5 | C7: 5 | D7: =10*A6*1.5 -> 75
A8: 7 | B8: 6 | C8: 6 | D8: =10*A7*1.5 -> 90
A9: 8 | B9: 7 | C9: 7 | D9: =10*A8*1.5 -> 105
A10: 9 | B10: 8 | C10: 8 | D10: =10*A9*1.5 -> 120
A11: 10 | B11: 9 | C11: 9 | D11: =10*A10*1.5 -> 135
A12: 11 | B12: 10 | C12: 10 | D12: =10*A11*1.5 -> 150
A13: 12 | B13: 11 | C13: 11 | D13: =10*A12*1.5 -> 165
A14: 13 | B14: 12 | C14: 12 | D14: =10*A13*1.5 -> 180
... A16: 15 | B16: 14 | C16: 14 | D16: =10*A15*1.5 -> 210

Sheet 職業技能表
A1: 技能編碼 | B1: 職業 | C1: 技能名稱 | D1: 主動被動 | E1: 消耗MP | F1: 效果數值 | G1: 每週可用次數 | H1: 次數重置規則 | I1: 技能敘述
A2: ArA001 | B2: =IF(職業技能表!$A2="","",VLOOKUP(LEFT(職業技能表!$A2,2),清單表!$B$2:$C$7,2,)) -> 弓箭手 | C2: 遠距支援 | D2: =IF(職業技能表!$A2="","",IF(MID(職業技能表!$A2,3,1)="A", "主動","被動")) -> 主動 | E2: -1 | G2: 1 | H2: 每週重置 | I2: 指定一名隊友，其下一次怪物失敗時不扣 HP
A3: ArP001 | B3: =IF(職業技能表!$A3="","",VLOOKUP(LEFT(職業技能表!$A3,2),清單表!$B$2:$C$7,2,)) -> 弓箭手 | C3: 遠距校準 | D3: =IF(職業技能表!$A3="","",IF(MID(職業技能表!$A3,3,1)="A", "主動","被動")) -> 被動 | E3: 0 | F3: 1 | G3: 1 | H3: 每週重置 | I3: 每週第一次怪物任務，完成即可獲得 +1 EXP
A4: ArP002 | B4: =IF(職業技能表!$A4="","",VLOOKUP(LEFT(職業技能表!$A4,2),清單表!$B$2:$C$7,2,)) -> 弓箭手 | C4: 耐心獵手 | D4: =IF(職業技能表!$A4="","",IF(MID(職業技能表!$A4,3,1)="A", "主動","被動")) -> 被動 | E4: 0 | F4: 1 | G4: 99 | H4: 每週重置 | I4: 若你在任務時限最後 24 小時內完成，額外 +1 EXP
A5: GeA001 | B5: =IF(職業技能表!$A5="","",VLOOKUP(LEFT(職業技能表!$A5,2),清單表!$B$2:$C$7,2,)) -> 通用 | C5: 急救 | D5: =IF(職業技能表!$A5="","",IF(MID(職業技能表!$A5,3,1)="A", "主動","被動")) -> 主動 | E5: -1 | F5: 1 | G5: 1 | H5: 每週重置 | I5: +1 HP 給對方
A6: GeA002 | B6: =IF(職業技能表!$A6="","",VLOOKUP(LEFT(職業技能表!$A6,2),清單表!$B$2:$C$7,2,)) -> 通用 | C6: 合體技 | D6: =IF(職業技能表!$A6="","",IF(MID(職業技能表!$A6,3,1)="A", "主動","被動")) -> 主動 | E6: -1 | F6: 2 | G6: 1 | H6: 每週重置 | I6: 雙方消耗各 1 MP，你們可同時運動 10–15 分鐘 → 統一視為「合體擊破」，成功後：任務 EXP ×2
A7: MaA001 | B7: =IF(職業技能表!$A7="","",VLOOKUP(LEFT(職業技能表!$A7,2),清單表!$B$2:$C$7,2,)) -> 法師 | C7: 弱化怪物 | D7: =IF(職業技能表!$A7="","",IF(MID(職業技能表!$A7,3,1)="A", "主動","被動")) -> 主動 | E7: -2 | G7: 1 | H7: 每週重置 | I7: 將對方怪物難度降一級（難→中、中→易）
A8: MaP001 | B8: =IF(職業技能表!$A8="","",VLOOKUP(LEFT(職業技能表!$A8,2),清單表!$B$2:$C$7,2,)) -> 法師 | C8: 恢復光環 | D8: =IF(職業技能表!$A8="","",IF(MID(職業技能表!$A8,3,1)="A", "主動","被動")) -> 被動 | E8: 0 | F8: 1 | G8: 2 | H8: 每週重置 | I8: 每完成 2 次運動，自動回 1 MP（每週上限 2）
A9: MaP002 | B9: =IF(職業技能表!$A9="","",VLOOKUP(LEFT(職業技能表!$A9,2),清單表!$B$2:$C$7,2,)) -> 法師 | C9: 餘燼計算 | D9: =IF(職業技能表!$A9="","",IF(MID(職業技能表!$A9,3,1)="A", "主動","被動")) -> 被動 | E9: 0 | F9: -1 | G9: 1 | H9: 每週重置 | I9: 每週第一次使用 Debuff 或 Heal 類技能，MP 消耗 -1
A10: MaP003 | B10: =IF(職業技能表!$A10="","",VLOOKUP(LEFT(職業技能表!$A10,2),清單表!$B$2:$C$7,2,)) -> 法師 | C10: 法術殘響 | D10: =IF(職業技能表!$A10="","",IF(MID(職業技能表!$A10,3,1)="A", "主動","被動")) -> 被動 | E10: 0 | F10: 1 | G10: 1 | H10: 每週重置 | I10: 當你成功使用 Debuff 或 Heal 類技能，下一次怪物任務成功時 +1 EXP
A11: PrA001 | B11: =IF(職業技能表!$A11="","",VLOOKUP(LEFT(職業技能表!$A11,2),清單表!$B$2:$C$7,2,)) -> 牧師 | C11: 治療 | D11: =IF(職業技能表!$A11="","",IF(MID(職業技能表!$A11,3,1)="A", "主動","被動")) -> 主動 | E11: -1 | F11: 1 | G11: 1 | H11: 每週重置 | I11: +1 HP 給對方
A12: PrP001 | B12: =IF(職業技能表!$A12="","",VLOOKUP(LEFT(職業技能表!$A12,2),清單表!$B$2:$C$7,2,)) -> 牧師 | C12: 溫和引導 | D12: =IF(職業技能表!$A12="","",IF(MID(職業技能表!$A12,3,1)="A", "主動","被動")) -> 被動 | E12: 0 | F12: 1 | G12: 99 | H12: 每週重置 | I12: 當你對隊友使用 Heal 或急救該，隊友下一次任務 EXP +1
A13: PrP002 | B13: =IF(職業技能表!$A13="","",VLOOKUP(LEFT(職業技能表!$A13,2),清單表!$B$2:$C$7,2,)) -> 牧師 | C13: 共感回饋 | D13: =IF(職業技能表!$A13="","",IF(MID(職業技能表!$A13,3,1)="A", "主動","被動")) -> 被動 | E13: 0 | F13: 1 | G13: 2 | H13: 每週重置 | I13: 當隊友完成怪物任務，若你本週曾對該隊友使用過救援技能，你 +1 MP（每週最多 2 次）
A14: SwP001 | B14: =IF(職業技能表!$A14="","",VLOOKUP(LEFT(職業技能表!$A14,2),清單表!$B$2:$C$7,2,)) -> 劍士 | C14: 韌性 | D14: =IF(職業技能表!$A14="","",IF(MID(職業技能表!$A14,3,1)="A", "主動","被動")) -> 被動 | E14: 0 | F14: -1 | G14: 99 | H14: 每週重置 | I14: 怪物造成 HP 減少 -1（最低失血 1）
A15: SwP002 | B15: =IF(職業技能表!$A15="","",VLOOKUP(LEFT(職業技能表!$A15,2),清單表!$B$2:$C$7,2,)) -> 劍士 | C15: 鋼鐵意志 | D15: =IF(職業技能表!$A15="","",IF(MID(職業技能表!$A15,3,1)="A", "主動","被動")) -> 被動 | E15: 0 | F15: -1 | G15: 1 | H15: 每週重置 | I15: 每週第一次怪物失敗時 **HP 損失 -1**（最低仍為 1）
A16: SwP003 | B16: =IF(職業技能表!$A16="","",VLOOKUP(LEFT(職業技能表!$A16,2),清單表!$B$2:$C$7,2,)) -> 劍士 | C16: 前線守護 | D16: =IF(職業技能表!$A16="","",IF(MID(職業技能表!$A16,3,1)="A", "主動","被動")) -> 被動 | E16: 0 | F16: 1 | G16: 99 | H16: 每週重置 | I16: 當你與隊友使用 合體技 時，該次合體技結算後，你 +1 HP
A17: ThA001 | B17: =IF(職業技能表!$A17="","",VLOOKUP(LEFT(職業技能表!$A17,2),清單表!$B$2:$C$7,2,)) -> 盜賊 | C17: 延長時限 | D17: =IF(職業技能表!$A17="","",IF(MID(職業技能表!$A17,3,1)="A", "主動","被動")) -> 主動 | E17: -1 | F17: 1 | G17: 1 | H17: 每週重置 | I17: +1 天挑戰時間
A18: ThP001 | B18: =IF(職業技能表!$A18="","",VLOOKUP(LEFT(職業技能表!$A18,2),清單表!$B$2:$C$7,2,)) -> 盜賊 | C18: 連鎖攻擊 | D18: =IF(職業技能表!$A18="","",IF(MID(職業技能表!$A18,3,1)="A", "主動","被動")) -> 被動 | E18: 0 | F18: 1 | G18: 99 | H18: 每週重置 | I18: 連續兩天都運動 → 第二天多 +1 EXP
A19: ThP002 | B19: =IF(職業技能表!$A19="","",VLOOKUP(LEFT(職業技能表!$A19,2),清單表!$B$2:$C$7,2,)) -> 盜賊 | C19: 暗影步伐 | D19: =IF(職業技能表!$A19="","",IF(MID(職業技能表!$A19,3,1)="A", "主動","被動")) -> 被動 | E19: 0 | F19: 1 | G19: 99 | H19: 每週重置 | I19: 若你是本週第一位完成怪物任務的玩家+1 EXP
A20: ThA002 | B20: =IF(職業技能表!$A20="","",VLOOKUP(LEFT(職業技能表!$A20,2),清單表!$B$2:$C$7,2,)) -> 盜賊 | C20: 臨時接手 | D20: =IF(職業技能表!$A20="","",IF(MID(職業技能表!$A20,3,1)="A", "主動","被動")) -> 主動 | E20: 0 | F20: -1 | G20: 1 | H20: 每週重置 | I20: 當一名隊友尚未完成任務時，你可以額外完成一次運動 → 替該隊友抵銷 1 點失敗 HP
B21: =IF(職業技能表!$A21="","",VLOOKUP(LEFT(職業技能表!$A21,2),清單表!$B$2:$C$7,2,)) | D21: =IF(職業技能表!$A21="","",IF(MID(職業技能表!$A21,3,1)="A", "主動","被動"))
B22: =IF(職業技能表!$A22="","",VLOOKUP(LEFT(職業技能表!$A22,2),清單表!$B$2:$C$7,2,)) | D22: =IF(職業技能表!$A22="","",IF(MID(職業技能表!$A22,3,1)="A", "主動","被動"))
B23: =IF(職業技能表!$A23="","",VLOOKUP(LEFT(職業技能表!$A23,2),清單表!$B$2:$C$7,2,)) | D23: =IF(職業技能表!$A23="","",IF(MID(職業技能表!$A23,3,1)="A", "主動","被動"))
B24: =IF(職業技能表!$A24="","",VLOOKUP(LEFT(職業技能表!$A24,2),清單表!$B$2:$C$7,2,)) | D24: =IF(職業技能表!$A24="","",IF(MID(職業技能表!$A24,3,1)="A", "主動","被動"))
B25: =IF(職業技能表!$A25="","",VLOOKUP(LEFT(職業技能表!$A25,2),清單表!$B$2:$C$7,2,)) | D25: =IF(職業技能表!$A25="","",IF(MID(職業技能表!$A25,3,1)="A", "主動","被動"))
B26: =IF(職業技能表!$A26="","",VLOOKUP(LEFT(職業技能表!$A26,2),清單表!$B$2:$C$7,2,)) | D26: =IF(職業技能表!$A26="","",IF(MID(職業技能表!$A26,3,1)="A", "主動","被動"))
B27: =IF(職業技能表!$A27="","",VLOOKUP(LEFT(職業技能表!$A27,2),清單表!$B$2:$C$7,2,)) | D27: =IF(職業技能表!$A27="","",IF(MID(職業技能表!$A27,3,1)="A", "主動","被動"))
B28: =IF(職業技能表!$A28="","",VLOOKUP(LEFT(職業技能表!$A28,2),清單表!$B$2:$C$7,2,)) | D28: =IF(職業技能表!$A28="","",IF(MID(職業技能表!$A28,3,1)="A", "主動","被動"))

Sheet 清單表
A1: 事件紀錄類型 | B1: 職業 | D1: 次數重置規則 | E1: 任務狀態
A2: 抽事件 | B2: Ge | C2: 通用 | D2: 每週重置 | E2: ✅擊殺
A3: 抽怪物 | B3: Sw | C3: 劍士 | D3: 升級重置 | E3: ⚔️進行中
A4: 使用技能 | B4: Ma | C4: 法師 | D4: 永久 | E4: ☠️失敗
A5: 升級 | B5: Th | C5: 盜賊 | E5: 未開始
A6: 擊敗怪物 | B6: Ar | C6: 弓箭手
A7: 失敗 | B7: Pr | C7: 牧師
A8: 旁白
A9: 完成事件任務
